

CREATE TABLE Worker (
	WORKER_ID INT NOT NULL PRIMARY KEY,
	FIRST_NAME CHAR(25),
	LAST_NAME CHAR(25),
	SALARY numeric(12,2),
	JOINING_DATE DATETIME,
	DEPARTMENT CHAR(25)
);

INSERT INTO Worker 
	(WORKER_ID, FIRST_NAME, LAST_NAME, SALARY, JOINING_DATE, DEPARTMENT) VALUES
		(001, 'Monika', 'Arora', 100000, '2014-02-20 09:00:0.00', 'HR'),
		(002, 'Niharika', 'Verma', 80000, '2014-06-11 09:00:0.00', 'Admin'),
		(003, 'Vishal', 'Singhal', 300000, '2014-02-20 09:00:0.00', 'HR'),
		(004, 'Amitabh', 'Singh', 500000, '2014-02-20 09:00:0.00', 'Admin'),
		(005, 'Vivek', 'Bhati', 500000, '2014-06-11 09:00:0.00', 'Admin'),
		(006, 'Vipul', 'Diwan', 200000, '2014-06-11 09:00:0.00', 'Account'),
		(007, 'Satish', 'Kumar', 75000, '2014-01-20 09:00:0.00', 'Account'),
		(008, 'Geetika', 'Chauhan', 90000, '2014-04-11 09:00:0.00', 'Admin');

CREATE TABLE Bonus (
	WORKER_REF_ID INT,
	BONUS_AMOUNT numeric(12,2),
	BONUS_DATE DATETIME,
	FOREIGN KEY (WORKER_REF_ID)
		REFERENCES Worker(WORKER_ID)
        ON DELETE CASCADE
);

INSERT INTO Bonus 
	(WORKER_REF_ID, BONUS_AMOUNT, BONUS_DATE) VALUES
		(001, 5000, '2016-02-20'),
		(002, 3000, '2016-06-11'),
		(003, 4000, '2016-02-20'),
		(001, 4500, '2016-02-20'),
		(002, 3500, '2016-06-11');


		CREATE TABLE Title (
	WORKER_REF_ID INT,
	WORKER_TITLE CHAR(25),
	AFFECTED_FROM DATETIME,
	FOREIGN KEY (WORKER_REF_ID)
		REFERENCES Worker(WORKER_ID)
        ON DELETE CASCADE
);

INSERT INTO Title 
	(WORKER_REF_ID, WORKER_TITLE, AFFECTED_FROM) VALUES
 (001, 'Manager', '2016-02-20 00:00:00'),
 (002, 'Executive', '2016-06-11 00:00:00'),
 (008, 'Executive', '2016-06-11 00:00:00'),
 (005, 'Manager', '2016-06-11 00:00:00'),
 (004, 'Asst. Manager', '2016-06-11 00:00:00'),
 (007, 'Executive', '2016-06-11 00:00:00'),
 (006, 'Lead', '2016-06-11 00:00:00'),
 (003, 'Lead', '2016-06-11 00:00:00');

 
 select  * from worker
 select * from bonus
 select * from title

-- Q-1. Write an SQL query to fetch “FIRST_NAME” from the Worker table using the alias name <WORKER_NAME>.
select First_name  as 'worker_name' from worker

--Q-2. Write an SQL query to fetch “FIRST_NAME” from the Worker table in upper case.
select upper(first_name) from worker

--Q-3. Write an SQL query to fetch unique values of DEPARTMENT from the Worker table.
select distinct(department) from worker

--Q-4. Write an SQL query to print the first three characters of  FIRST_NAME from the Worker table.
select substring(first_name,1,3) from worker

--Q-5. Write an SQL query to find the position of the alphabet (‘a’) in the first name column ‘Amitabh’ from the Worker table.
select charindex ('a',first_name) as position from worker where first_name = 'amitabh'

--Q-6. Write an SQL query to print the FIRST_NAME from the Worker table after removing white spaces from the right side.
select RTrim(first_name) from worker

--Q-7. Write an SQL query to print the DEPARTMENT from the Worker table after removing white spaces from the left side.
select LTrim(department) from worker

--Q-8. Write an SQL query that fetches the unique values of DEPARTMENT from the Worker table and prints its length.
select distinct(department)  as 'unique department', len(department) as 'length' from worker 

--Q-9. Write an SQL query to print the FIRST_NAME from the Worker table after replacing ‘a’ with ‘A’.
select replace(first_name,'a','A') from worker

--Q-10. Write an SQL query to print the FIRST_NAME and LAST_NAME from the Worker table into a single column COMPLETE_NAME.
--A space char should separate them.
select concat(first_name,'',last_name) as 'complete name' from worker



--Q-11. Write an SQL query to print all Worker details from the Worker table order by FIRST_NAME Ascending.
select * from worker order by first_name

--Q-12. Write an SQL query to print all Worker details from the Worker table order by FIRST_NAME Ascending and DEPARTMENT Descending.
select  * from worker order by first_name , department desc

--Q-13. Write an SQL query to print details for Workers with the first names “Vipul” and “Satish” from the Worker table.
select * from worker where first_name in('vipul','satish')

--Q-14. Write an SQL query to print details of workers excluding first names, “Vipul” and “Satish” from the Worker table.
select *  from worker where first_name not in('vipul','satish')

--Q-15. Write an SQL query to print details of Workers with DEPARTMENT name as “Admin”.
select * from worker where department='admin'

--Q-16. Write an SQL query to print details of the Workers whose FIRST_NAME contains ‘a’.
select * from worker where first_name like '%a%'

--Q-17. Write an SQL query to print details of the Workers whose FIRST_NAME ends with ‘a’.
select * from worker where first_name like '%a'

--Q-18. Write an SQL query to print details of the Workers whose FIRST_NAME ends with ‘h’ and contains six alphabets.
select * from worker where first_name like '_____h'

--Q-19. Write an SQL query to print details of the Workers whose SALARY lies between 100000 and 500000.
select * from worker where salary between 100000 and 500000

--Q-20. Write an SQL query to print details of the Workers who joined in Feb’2014.
select * from worker where year(joining_date) = 2014 and month(joining_date)=2

--Q-21. Write an SQL query to fetch the count of employees working in the department ‘Admin’.
select count(worker_id) as 'count' from worker where department='admin'

--Q-22. Write an SQL query to fetch worker names with salaries >= 50000 and <= 100000.
SELECT CONCAT(FIRST_NAME, ' ', LAST_NAME) As Worker_Name, Salary
FROM worker 
WHERE WORKER_ID IN 
(SELECT WORKER_ID FROM worker 
WHERE Salary BETWEEN 50000 AND 100000)


--Q-23. Write an SQL query to fetch the no. of workers for each department in descending order.
SELECT DEPARTMENT, count(WORKER_ID) as No_Of_Workers 
FROM worker 
GROUP BY DEPARTMENT 
ORDER BY No_Of_Workers DESC;

--Q-24. Write an SQL query to print details of the Workers who are also Managers.
select * from worker w join title t on w.worker_id = t.worker_ref_id 
where worker_title='manager'


--Q-25. Write an SQL query to fetch duplicate records having matching data in some fields of a table.
SELECT WORKER_TITLE, AFFECTED_FROM, COUNT(*)
FROM Title
GROUP BY WORKER_TITLE, AFFECTED_FROM
HAVING COUNT(*) > 1   



--Q-26. Write an SQL query to show only odd rows from a table.


--Q-27. Write an SQL query to show only even rows from a table.


--Q-28. Write an SQL query to clone a new table from another table.
SELECT * INTO WorkerClone FROM Worker


--Q-29. Write an SQL query to fetch intersecting records of two tables.
select * from worker
intersect
select * from workerclone

--Q-30. Write an SQL query to show records from one table that another table does not have.
select * from worker
minus
select *  from title

--Q-31. Write an SQL query to show the current date and time.
select getdate() as 'date and time'


--Q-32. Write an SQL query to show the top n (say 10) records of a table.
select top 10 * from worker order by salary desc

--Q-33. Write an SQL query to determine the nth (say n=5) highest salary from a table.
select top 5 * from worker order by salary desc

--Q-34. Write an SQL query to determine the 5th highest salary without using the TOP or limit method.
SELECT Salary
FROM Worker W1
WHERE 4 = 
 ( SELECT COUNT( DISTINCT ( W2.Salary ) )
 FROM Worker W2
 WHERE W2.Salary >= W1.Salary
 )

--Q-35. Write an SQL query to fetch the list of employees with the same salary.
select distinct w.worker_id , w.first_name,w.salary from worker w ,
 worker w1 
where w.salary = w1.salary
and w.worker_id != w1.worker_id

--Q-36. Write an SQL query to show the second-highest salary from a table.
Select max(Salary) from Worker 
where Salary not in (Select max(Salary) from Worker)

--Q-37. Write an SQL query to show one row twice in the results from a table.
select first_name , department from worker w where w.DEPARTMENT = 'HR'
union all
select first_name , department from worker w1 where w1.department='HR'

--Q-38. Write an SQL query to fetch intersecting records of two tables.
select * from worker
intersect
select * from WorkerClone 

--Q-39. Write an SQL query to fetch the first 50% of records from a table.
SELECT *
FROM WORKER
WHERE WORKER_ID <= (SELECT count(WORKER_ID)/2 from Worker)

--Q-40. Write an SQL query to fetch the departments that have less than five people in them.
SELECT DEPARTMENT, COUNT(WORKER_ID) as 'Number of Workers' FROM Worker GROUP BY DEPARTMENT HAVING COUNT(WORKER_ID) < 5

--Q-41. Write an SQL query to show all departments along with the number of people in there.
select department , count(department) as 'number of worker' from worker 
group by department 

--Q-42. Write an SQL query to show the last record from a table
select * from Worker where WORKER_ID = (SELECT max(WORKER_ID) from Worker)

--Q-43. Write an SQL query to fetch the first row of a table.
select * from worker where worker_id = (select min(worker_id) from worker)

--Q-44. Write an SQL query to fetch the last five records from a table.
select top 5 *  from worker order by worker_id desc 

--Q-45. Write an SQL query to print the name of employees having the highest salary in each department.
 select department , max(salary) as 'highest salary' from worker 
group by DEPARTMENT 


--Q-46. Write an SQL query to fetch three max salaries from a table.
select top 3 * from worker order by salary desc


--Q-47. Write an SQL query to fetch three min salaries from a table.
select top 3 * from worker order by salary

--Q-48. Write an SQL query to fetch nth max salaries from a table.
--** select top 1 * from worker order by SALARY desc


--Q-49. Write an SQL query to fetch departments along with the total salaries paid for each of them.
 SELECT DEPARTMENT, sum(Salary) from worker group by DEPARTMENT

--Q-50. Write an SQL query to fetch the names of workers who earn the highest salary.
SELECT FIRST_NAME, SALARY from Worker
WHERE SALARY=(SELECT max(SALARY) from Worker)
